DataId,Name,Category,Alias,Hidden
81979b44-6ccc-42a8-8db3-b45faaad4d66,Reach the supply crates,TUTORIAL AND GUIDE MESSAGES,TUTORIAL AND GUIDE MESSAGES/Tutorial,1
d1519aa3-efbe-4717-9cf9-d16118e75520,q x first open repair,_OBSOLETE,_OBSOLETE/q_x_first_open_repair,1
36c0b589-e705-4b4c-90b4-57fba937a141,Update your Rig Operation System here. Use the license keys to install and upgrade software.,TUTORIAL AND GUIDE MESSAGES,TUTORIAL AND GUIDE MESSAGES/q_x_first_open_skills,1
c5486247-5208-45cd-8a6f-c830a5c216cf,q x analytics build aid crafter v2,OTHER,OTHER/ANALYTICS/q_x_analytics_build_aid_crafter_v2,1
745c97a4-6e70-4c09-8562-c00e132de119,q x analytics build aid crafter v3,OTHER,OTHER/ANALYTICS/q_x_analytics_build_aid_crafter_v3,1
372c8d3e-233a-48a2-8f5c-8c856d80089b,q x analytics build items crafter v1,OTHER,OTHER/ANALYTICS/q_x_analytics_build_items_crafter_v1,1
fe8e2a6a-9260-4fed-83c5-9ffb53a08f9d,q x analytics build items crafter v2,OTHER,OTHER/ANALYTICS/q_x_analytics_build_items_crafter_v2,1
50447a73-3cca-4f2c-ae06-84cd66e6b7b7,q x analytics build items crafter v3,OTHER,OTHER/ANALYTICS/q_x_analytics_build_items_crafter_v3,1
6c719f27-a1c4-4869-8ad3-7a048c9ad0d1,q x analytics build laboratory v2,OTHER,OTHER/ANALYTICS/q_x_analytics_build_laboratory_v2,1
13a2e169-de4d-4200-ae5b-1e5bc4ecefe1,q x analytics build laboratory v3,OTHER,OTHER/ANALYTICS/q_x_analytics_build_laboratory_v3,1
5ca1a51b-359b-45c1-b9aa-acad04f4702c,q x analytics build power generator v1,OTHER,OTHER/ANALYTICS/q_x_analytics_build_power_generator_v1,1
aea93f70-956b-420a-b7c9-17197b631af8,q x analytics build power generator v2,OTHER,OTHER/ANALYTICS/q_x_analytics_build_power_generator_v2,1
49b154dc-8d0c-4337-b8d4-ae0a8d77ea6e,q x analytics build recycler v2,OTHER,OTHER/ANALYTICS/q_x_analytics_build_recycler_v2,1
44f4a16a-a1b2-47e0-8294-a39f40c20172,q x analytics build recycler v3,OTHER,OTHER/ANALYTICS/q_x_analytics_build_recycler_v3,1
2d6f98ce-c89a-43b8-bad0-198feae3fb71,q x analytics build ammo crafter v1,OTHER,OTHER/ANALYTICS/q_x_analytics_build_ammo_crafter_v1,1
de1683f2-cef5-4fa8-b9cb-ea9b4186b49b,q x analytics build ammo crafter v2,OTHER,OTHER/ANALYTICS/q_x_analytics_build_ammo_crafter_v2,1
09e2ab36-ea55-411b-950a-e5f2d7c6463a,q x analytics build ammo crafter v3,OTHER,OTHER/ANALYTICS/q_x_analytics_build_ammo_crafter_v3,1
089bf687-bcd1-4dff-b224-c8eb19c82d2b,q x analytics build armor crafter v2,OTHER,OTHER/ANALYTICS/q_x_analytics_build_armor_crafter_v2,1
ad9c3f81-dc27-41a1-8849-4a6d8cb26745,q x analytics build armor crafter v3,OTHER,OTHER/ANALYTICS/q_x_analytics_build_armor_crafter_v3,1
56b96b33-e2e3-42d9-be56-b0da8c8e932f,q x analytics build solar array v2,OTHER,OTHER/ANALYTICS/q_x_analytics_build_solar_array_v2,1
5233ad66-9e95-4024-bf95-138c159358ff,q x analytics build solar array v3,OTHER,OTHER/ANALYTICS/q_x_analytics_build_solar_array_v3,1
c197e9b4-6def-4bfc-a23b-91f5d8e49867,q x analytics build storage v2,OTHER,OTHER/ANALYTICS/q_x_analytics_build_storage_v2,1
7863da2d-cb36-4a26-9038-2b1d99142194,q x analytics build storage v3,OTHER,OTHER/ANALYTICS/q_x_analytics_build_storage_v3,1
654f72c5-9a7f-4283-9d0a-c9f3b7198525,q x analytics build storage v4,OTHER,OTHER/ANALYTICS/q_x_analytics_build_storage_v4,1
c1f7e008-900d-4fb5-962f-87b6d3de2d6b,q x analytics air analyzer v1,OTHER,OTHER/ANALYTICS/q_x_analytics_air_analyzer_v1,1
9a947b52-a491-438a-84fc-25be22816fa2,q x analytics air analyzer v2,OTHER,OTHER/ANALYTICS/q_x_analytics_air_analyzer_v2,1
88e0adca-a1a5-47e3-ac72-69dacd6b4034,q x analytics air analyzer v3,OTHER,OTHER/ANALYTICS/q_x_analytics_air_analyzer_v3,1
a7d797e3-8aa7-47be-97ee-fea6e561896b,"Welcome to your brand used home - Shelter ...the beginning of your new life. First, how about we restore power?",_OBSOLETE,_OBSOLETE/q_shelter_introduction_part1,1
2ba1fb68-eddc-4e1a-b407-4a6910abaa83,ABCs: Restore Connection,_OBSOLETE,_OBSOLETE/q_shelter_introduction_restore_power,0
73d73e10-19c5-4883-a8ea-c968a608a008,q x analytics build insurance v1,OTHER,OTHER/ANALYTICS/q_x_analytics_build_insurance_v1,1
03640f68-d343-4363-ad95-0777822c8cc3,"Your rig has been destroyed. Temporary Equipment: Granted. Future Equipment Loss: Permanent, unless {global.links.shelter_module_insurance} is built. Found Items (not in: Safe Box): Lost.",_OBSOLETE,_OBSOLETE/q_x_first_death_pop_up,0
44cc76b6-4efd-48ea-8cfb-2db53bc199db,Follow the instructions.,_OBSOLETE,_OBSOLETE/q_shelter_introduction_part2_without_items_transfer,1
1d3d8f6a-6dd5-4589-9cbf-622b803a911a,q x shelter introduction part1 door animation,_OBSOLETE,_OBSOLETE/q_x_shelter_introduction_part1_door_animation,1
16da020d-a1c9-4274-aa2a-291de1843dd1,Sensitive Data,OTHER,OTHER/TO_METAMORPH/THRIFTIE/q_1223_sensible_data_real_item,0
21ef6f76-f9ac-45c3-8c07-e906cf95fd2e,Lending a Hand,OTHER,OTHER/TO_METAMORPH/THRIFTIE/q_1223_help_a_friend,0
74ec0b7d-1dc3-4c8a-9020-6a39656ef108,Corporate Voicemail,OTHER,OTHER/TO_METAMORPH/THRIFTIE/q_1223_corporate_negotiation_real_item,0
6aea5fbb-52c4-4270-bdbe-34aef1e61a72,Inspect Speed,_OBSOLETE,_OBSOLETE/q_x_shadow_extract_with_any_item_in_session_tutor,0
4ba8b3b0-05f5-409e-987d-0046634dbf03,Follow the instructions.,_OBSOLETE,_OBSOLETE/q_shelter_introduction_part2_with_items_transfer,1
49515ed7-3b15-4446-8ada-f83b74ea2cdf,Life is a Shooting Range: Part 2,OTHER,OTHER/TO_METAMORPH/THRIFTIE/q_1223_kill_bots_headshot,0
051e8397-3d48-4014-95b4-508bbadc5fe9,Recycler: Part 1,OTHER,OTHER/TO_METAMORPH/DOLAN/q_1223_recycling_part1,0
f1615800-7817-4eb3-aafd-23629fb7a36d,Recycler: Part 2,OTHER,OTHER/TO_METAMORPH/DOLAN/q_1223_recycling_part2,0
9a726ebd-210b-4bed-bf55-b6bbb426d26f,Life is a Shooting Range: Part 3,OTHER,OTHER/TO_METAMORPH/THRIFTIE/q_1223_kill_bots_in_one_session,0
730a5408-6167-4807-87bb-647ea223aa9f,Army of Me,OTHER,OTHER/TO_METAMORPH/DOLAN/q_1223_army_of_me,0
c6f7ef3c-0543-4c9c-b095-153a86a1d605,Life is a Shooting Range: Part 1,OTHER,OTHER/TO_METAMORPH/THRIFTIE/q_1223_kill_bots_from_small_range,0
20cf2223-5a50-49cf-857a-7f3435586ea8,Charging Stations,OTHER,OTHER/TO_METAMORPH/THRIFTIE/q_1223_charging_stations,0
b4feddb8-9f07-4b89-a90b-396221c6041e,Power Saving,OTHER,OTHER/TO_METAMORPH/DOLAN/q_1223_energy_saving,0
e2b27930-952e-458d-bb09-daa0cd66842c,Craftsmanship,_OBSOLETE,_OBSOLETE/q_1223_equipment_crafting_part2,0
ee57e3ee-be99-4a96-bb39-ef89f432e264,Gun Tuning,_OBSOLETE,_OBSOLETE/q_1223_gun_tuning_part2,0
42f83b8f-2d8d-424e-900e-1c3e99a6eaac,Peeking Into the Basement,OTHER,OTHER/TO_METAMORPH/THRIFTIE/q_1223_scout_out_the_basement,0
d65f5c75-13a5-41d5-9103-f2f480fef935,The Source of Metal,OTHER,OTHER/TO_METAMORPH/DOLAN/q_1223_source_of_metal,0
1e21e3ac-b2a2-4cb5-9514-1adfa5c73466,Headhunting,OTHER,OTHER/TO_METAMORPH/THRIFTIE/q_1223_head_hunt,0
3a4c0afd-0122-4587-86b5-48116d9a6f45,Pipes and Moustache,OTHER,OTHER/TO_METAMORPH/THRIFTIE/q_1223_secure_fastening,0
4c91e394-d318-46b8-a447-979e36442d80,Customs Clearance,OTHER,OTHER/TO_METAMORPH/THRIFTIE/q_1223_cargo_inspection,0
ff642824-d998-47ba-a2e3-4013f185e6c8,Wrench Fest,OTHER,OTHER/TO_METAMORPH/THRIFTIE/q_1223_send_wrench,0
fe847765-d53f-4ba8-a51c-efbc3d4d8c51,Tangential Flow,OTHER,OTHER/TO_METAMORPH/THRIFTIE/q_1223_sealing_failure,0
e2e1296f-adbd-47e4-981a-2fd2977a68e1,Fly-by-Wire,OTHER,OTHER/TO_METAMORPH/THRIFTIE/q_1223_send_wires,0
87d649b7-80fb-4bce-a564-a4c0e673ee8a,1984,OTHER,OTHER/TO_METAMORPH/THRIFTIE/q_1223_send_metaphone,0
8df62153-eb8c-4868-9acb-054e679d53c1,The Headless Rider,OTHER,OTHER/TO_METAMORPH/THRIFTIE/q_1223_killer_biker,0
196092e2-eb29-4c23-867f-be17ed86fc24,Cable Television,OTHER,OTHER/TO_METAMORPH/DOLAN/q_1223_send_electrical_wire,0
674fc831-d64b-4296-9465-7ddb08a13d70,Some Inch Nails,OTHER,OTHER/TO_METAMORPH/THRIFTIE/q_1223_send_nails,0
07d3f39b-3f1e-448d-a082-bb8bca75e32d,That looks FOAMiliar,OTHER,OTHER/TO_METAMORPH/THRIFTIE/q_1223_send_foam,0
15531059-972a-427f-a1a0-f5f864048a1a,Fabrics Fabricated,OTHER,OTHER/TO_METAMORPH/DOLAN/q_0324_loading,0
660e9d0e-bb9f-4b4a-8bc4-4082c3d179a6,Lending Another Hand,OTHER,OTHER/TO_METAMORPH/THRIFTIE/q_0324_send_a_few_guns,0
0c02c4cf-e086-47a6-ae21-5dea94bdcb43,q x analytics build aid crafter v1,OTHER,OTHER/ANALYTICS/q_x_analytics_build_aid_crafter_v1,1
80c586e8-571d-4a66-b5ea-dc5e58cf193c,q x analytics build solar array v1,OTHER,OTHER/ANALYTICS/q_x_analytics_build_solar_array_v1,1
2f8046d4-5e69-4b0e-9d08-ae4f7728b999,q x analytics build armor crafter v1,OTHER,OTHER/ANALYTICS/q_x_analytics_build_armor_crafter_v1,1
7d3cc957-4b13-4d74-ae5b-6afb0a844ab7,q x analytics build laboratory v1,OTHER,OTHER/ANALYTICS/q_x_analytics_build_laboratory_v1,1
0a2a80ef-db3e-42bf-9e95-8d67738967c5,q x analytics build recycler v1,OTHER,OTHER/ANALYTICS/q_x_analytics_build_recycler_v1,1
58eda4a1-1bfa-4eb2-be57-0163b6d40f79,q x analytics build insurance v2,OTHER,OTHER/ANALYTICS/q_x_analytics_build_insurance_v2,1
0988f0e3-703f-49dc-8acf-c11d9be8fd3c,q x analytics build insurance v3,OTHER,OTHER/ANALYTICS/q_x_analytics_build_insurance_v3,1
8e12640e-85d5-4b35-8440-8003eca40d9f,q x analytics build weapon tuner v1,OTHER,OTHER/ANALYTICS/q_x_analytics_build_weapon_tuner_v1,1
b83b6596-bab8-4c55-a2c5-2edd2f131384,q x analytics build weapon tuner v2,OTHER,OTHER/ANALYTICS/q_x_analytics_build_weapon_tuner_v2,1
123fd6f1-3fdd-4dc3-97c3-e354bf151451,q x analytics build weapon tuner v3,OTHER,OTHER/ANALYTICS/q_x_analytics_build_weapon_tuner_v3,1
e238cfd9-9b4e-40be-8e0a-8a25ca8052b2,q x analytics build weapon tuner v4,OTHER,OTHER/ANALYTICS/q_x_analytics_build_weapon_tuner_v4,1
1520bcb0-c94a-4a23-b731-e2360d1bc187,q x analytics build armor crafter v4,OTHER,OTHER/ANALYTICS/q_x_analytics_build_armor_crafter_v4,1
19d87964-d140-49ea-baa0-645eb479ffca,q x analytics build ammo crafter v4,OTHER,OTHER/ANALYTICS/q_x_analytics_build_ammo_crafter_v4,1
bf550a29-154a-4d76-ad4e-08466a06407a,q x analytics build aid crafter v4,OTHER,OTHER/ANALYTICS/q_x_analytics_build_aid_crafter_v4,1
463f5f8c-a999-4939-8a5c-7157c132036f,q x analytics build armor crafter v5,OTHER,OTHER/ANALYTICS/q_x_analytics_build_armor_crafter_v5,1
4d248683-f165-4839-a9eb-780287e30fdc,q x analytics build ammo crafter v5,OTHER,OTHER/ANALYTICS/q_x_analytics_build_ammo_crafter_v5,1
225444f3-c601-42cb-88e9-02d3b979f880,q x analytics build aid crafter v5,OTHER,OTHER/ANALYTICS/q_x_analytics_build_aid_crafter_v5,1
3bfea9ec-1dab-4fd4-ba8e-f8efca875b6a,q x analytics build 3d printer v1,OTHER,OTHER/ANALYTICS/q_x_analytics_build_3d_printer_v1,1
309256ba-c2d1-42d8-8a52-89b7b49d1757,q x analytics build 3d printer v2,OTHER,OTHER/ANALYTICS/q_x_analytics_build_3d_printer_v2,1
56415d5a-f6c8-4d38-b62d-4cedaa89d875,q x analytics build 3d printer v3,OTHER,OTHER/ANALYTICS/q_x_analytics_build_3d_printer_v3,1
d15e9194-7062-46b2-9b77-1e97d55ccfa3,q x analytics build body tuner v1,OTHER,OTHER/ANALYTICS/q_x_analytics_build_body_tuner_v1,1
843d2c87-b7f6-42d2-8b46-e9f5ceeb8515,q x analytics build body tuner v2,OTHER,OTHER/ANALYTICS/q_x_analytics_build_body_tuner_v2,1
75978488-103c-400f-a188-6b80d8a21cc6,q x analytics build body tuner v3,OTHER,OTHER/ANALYTICS/q_x_analytics_build_body_tuner_v3,1
33ea2300-5b36-4a72-a61b-57a9813380c0,q x analytics build body crafter v1,OTHER,OTHER/ANALYTICS/q_x_analytics_build_body_crafter_v1,1
193396c7-d051-4df3-8825-1271be37ba12,q x analytics build body crafter v2,OTHER,OTHER/ANALYTICS/q_x_analytics_build_body_crafter_v2,1
5d232a8b-0f40-4ff2-836b-28545d9cdf08,q x analytics build body crafter v3,OTHER,OTHER/ANALYTICS/q_x_analytics_build_body_crafter_v3,1
7b48f549-e8b5-49d6-ad04-c63a421b19ff,q x shadow unlock port timer,TIMERS,TIMERS/q_x_shadow_unlock_port_timer,0
510797f3-b24a-431a-8c41-506ed93f2436,The Cutters,OTHER,OTHER/TO_METAMORPH/THRIFTIE/q_0324_send_wire_cutters,0
16ff4ead-2cc5-43c2-bb5c-04bcdf168e2a,A Picnic,OTHER,OTHER/TO_METAMORPH/THRIFTIE/q_0324_send_lunchbox,0
048db62e-ddff-4236-826a-65a1511d7e6b,Life is a Shooting Range: Part 4,OTHER,OTHER/TO_METAMORPH/THRIFTIE/q_0324_kill_headshot_eta45_warehouse,0
5544f7f1-ffc4-4197-ae52-53e074d84c00,Evil Corp,OTHER,OTHER/TO_METAMORPH/THRIFTIE/q_0324_send_umbrella,0
9f03406b-85f8-48e8-8726-78dd66b2147d,Lost Property,OTHER,OTHER/TO_METAMORPH/THRIFTIE/q_0324_lost_property,0
1a4da2e6-7c63-4cc7-ac80-0278ac75e91f,A Party,OTHER,OTHER/TO_METAMORPH/THRIFTIE/q_0324_place_gunpowder_a,0
6caefcfb-3a86-4692-a7c2-a34dcde068ce,Tree-factor Authentication,OTHER,OTHER/TO_METAMORPH/THRIFTIE/q_0324_three_factor_authentication_part2,0
3ad8c770-c90d-47ab-8194-333d1ce9a0f2,Low Charge,OTHER,OTHER/TO_METAMORPH/THRIFTIE/q_0324_charge_the_loader,0
26d56ba8-bddc-4c39-99a6-f7eb1383e116,Healthy Sleep,OTHER,OTHER/TO_METAMORPH/THRIFTIE/q_0324_send_hammock,0
e9192a7b-6c3b-41f0-ad1c-4b4e646fa695,Voltage Drop,OTHER,OTHER/TO_METAMORPH/THRIFTIE/q_0324_voltage_drop,0
a5a38405-2999-4e91-a57a-be7073ca7042,What Will We Do With a Drunken Sealer?,OTHER,OTHER/TO_METAMORPH/THRIFTIE/q_0324_send_sealant,0
8b367446-df56-4c12-8449-9edd7399f04e,Packing for the Trip,OTHER,OTHER/TO_METAMORPH/DOLAN/q_0324_place_shotgun,0
56e515f1-c81f-4719-b1ce-b02308339e4e,Zenith of the Textile Industry,OTHER,OTHER/TO_METAMORPH/DOLAN/q_0324_send_zenith,0
013ac99d-5e77-492f-ae70-6f80bbf43d9d,Aid Kits Cargo,OTHER,OTHER/TO_METAMORPH/DOLAN/q_0324_place_aid_kits_port,0
d95b6664-313f-4ca8-85e6-3f4506c3eb00,Hidden Blueprints,OTHER,OTHER/TO_METAMORPH/DOLAN/q_0324_hidden_blueprints,0
91145203-5bc4-4b13-a0d4-44c4eada065e,Humanity's Legacy,OTHER,OTHER/TO_METAMORPH/DOLAN/q_0324_send_granulated_plastic,0
106d39ef-f95d-458b-962c-129c8d4c4edb,Kitchen Tools,OTHER,OTHER/TO_METAMORPH/DOLAN/q_0324_place_cooking_homeware,0
ca4348c4-1a73-461c-8f89-d3086c2046b6,Technical Inspection,OTHER,OTHER/TO_METAMORPH/DOLAN/q_0324_fix_forklifts,0
82a3a9e4-774b-4c32-9e8b-2d345cec86f1,Big Bang practice,OTHER,OTHER/TO_METAMORPH/DOLAN/q_0324_place_explosives,0
63f2cadc-8cdb-4041-8dae-7a4d40c5d535,Infiltration,OTHER,OTHER/TO_METAMORPH/CIDEMANN/q_6254_infiltration,0
75bb8590-a7d8-458a-b74e-8a7a4cca96ea,Rogue AI,OTHER,OTHER/TO_METAMORPH/CIDEMANN/q_6254_rogue_ai,0
edfaa9f4-aa7e-484b-8026-37e1eb82bc9c,Unstable Connection,OTHER,OTHER/TO_METAMORPH/CIDEMANN/q_6254_power_stations,0
47ff2757-a111-427b-a68e-18b9b45afbbc,Replacement,OTHER,OTHER/TO_METAMORPH/CIDEMANN/q_6254_sniper_port,0
594541aa-e762-4b53-8040-d1efb2ef9ea6,Retrieving the Manifest,OTHER,OTHER/TO_METAMORPH/CIDEMANN/q_6254_retrieving_the_declaration,0
a358ebc9-16f1-4774-aaa8-66e1d2f60054,Attack Investigation,OTHER,OTHER/TO_METAMORPH/CIDEMANN/q_6254_suspicious_rig_charger,0
6eb0d174-f71b-4b25-82cf-05b98d3fa7e0,Classified Information,OTHER,OTHER/TO_METAMORPH/CIDEMANN/q_6254_classified_information,0
6dcd653b-e729-46b2-adf7-cbace1e451e2,Heavy Metal,OTHER,OTHER/TO_METAMORPH/CIDEMANN/q_6254_heavy_metal,0
8aa4361b-73ef-4cd5-b89c-422634517919,Construction Work,OTHER,OTHER/TO_METAMORPH/CIDEMANN/q_6254_kill_safety_helmet_shotgun,0
4bcc6c69-804a-4efb-917a-5b2178f154b7,Breaching the Basement,OTHER,OTHER/TO_METAMORPH/CIDEMANN/q_6254_breaching_the_basement,0
de347a82-3073-4cd6-abe2-6ac56b45ce24,New Frontiers: Part 1,MISSIONS,MISSIONS/BASIC/B001 - COUNCIL OF THETA/M0002_NEW_FRONTIERS/DISABLED_mission_basic_b001_0002_0000,0
8a2641f0-6ca8-4cd4-9ec8-16230cdf8caf,New Frontiers: Part 2,MISSIONS,MISSIONS/BASIC/B001 - COUNCIL OF THETA/M0002_NEW_FRONTIERS/mission_basic_b001_0002_0020,0
57bc249f-495b-440e-bbf8-4f6053bbe45a,Trial by Fire: Part 1,MISSIONS,MISSIONS/BASIC/B001 - COUNCIL OF THETA/M0004_TRIAL_BY_FIRE/mission_basic_b001_0004_0000,0
de4c84a5-7c35-4d42-8be4-25cc719158ff,Trial by Fire: Part 2,MISSIONS,MISSIONS/BASIC/B001 - COUNCIL OF THETA/M0004_TRIAL_BY_FIRE/mission_basic_b001_0004_0020,0
b311f187-055a-45c0-8b31-cfc9a10059f0,Trial by Fire: Part 3,MISSIONS,MISSIONS/BASIC/B001 - COUNCIL OF THETA/M0004_TRIAL_BY_FIRE/mission_basic_b001_0004_0040,0
f9aa3a4a-0255-4da2-a68f-69a7b6f01876,Home Sweet Home: Body Crafter v.1,MISSIONS,MISSIONS/BASIC/B001 - COUNCIL OF THETA/M0005_HOME_SWEET_HOME/BODYCRAFTER/mission_basic_b001_0005_0000,0
e7ba823c-0277-435a-b927-b7945a6802bd,Headhunter: Part 1,MISSIONS,MISSIONS/BASIC/B001 - COUNCIL OF THETA/M0007_HEADHUNTER/mission_basic_b001_0007_0000,0
ac485576-480d-4b7f-8f61-c6a0af1e67cc,Headhunter: Part 2,MISSIONS,MISSIONS/BASIC/B001 - COUNCIL OF THETA/M0007_HEADHUNTER/mission_basic_b001_0007_0020,0
d731abf5-65e8-4e5c-ba3d-06b0e672edfb,ABCs: Response Test,MISSIONS,MISSIONS/BASIC/B001 - COUNCIL OF THETA/M0001_ABCS/mission_basic_b001_0001_0040,0
45ae19b9-5eb6-4005-88ad-a00547e7eeec,ABCs: The Warm Up,MISSIONS,MISSIONS/BASIC/B001 - COUNCIL OF THETA/M0001_ABCS/mission_basic_b001_0001_0020,0
707f06d5-9528-4583-ae72-a8721e4336f2,Home Sweet Home: Armor and textile workbench v.1,MISSIONS,MISSIONS/BASIC/B001 - COUNCIL OF THETA/M0005_HOME_SWEET_HOME/ARMOR CRAFTER/mission_basic_b001_0005_0020,0
70a74039-3b0e-41a4-a820-d4b29ffcb8bf,Home Sweet Home: Recycler v.1,MISSIONS,MISSIONS/BASIC/B001 - COUNCIL OF THETA/M0005_HOME_SWEET_HOME/RECYCLER/mission_basic_b001_0005_0040,0
31bfdc57-3cd5-438d-adae-690333df6b42,Shopaholic: Part 1,_OBSOLETE,_OBSOLETE/mission_basic_b001_0003_0000,0
d00d1bf3-f307-4206-838a-32ac98306e38,"Yeah, definitely not a five-star hotel. Well, we all have to start somewhere…",TUTORIAL AND GUIDE MESSAGES,TUTORIAL AND GUIDE MESSAGES/mission_basic_b000_0001_0000,1
cd5f9032-94ba-48ec-be34-fdec7b62b021,mission basic b000 0000 0000,TIMERS,TIMERS/mission_basic_b000_0000_0000,0
7a687c97-8069-4dea-bd98-c4d0665250fb,Here you can replace your body parts.,TUTORIAL AND GUIDE MESSAGES,TUTORIAL AND GUIDE MESSAGES/q_x_first_open_body_tuner,1
217f5780-8388-4db8-b29c-447b5a4864bb,Here you can tune your body parts.,TUTORIAL AND GUIDE MESSAGES,TUTORIAL AND GUIDE MESSAGES/q_x_first_open_body_parts_tuner,1
ee5d6add-1a0b-4fc2-8ae8-5def39d0b553,"Here you can tune your weapons, attach and detach weapon mods.",TUTORIAL AND GUIDE MESSAGES,TUTORIAL AND GUIDE MESSAGES/q_x_first_open_weapon_workbench,1
5712aae3-0130-4bbd-8c68-aaefd55773e5,Trial by Fire: Part 4,MISSIONS,MISSIONS/BASIC/B001 - COUNCIL OF THETA/M0004_TRIAL_BY_FIRE/mission_basic_b001_0004_0060,0
dc9b755f-2c79-4048-8101-7ea56262c716,Trial by Fire: Part 5,MISSIONS,MISSIONS/BASIC/B001 - COUNCIL OF THETA/M0004_TRIAL_BY_FIRE/mission_basic_b001_0004_0080,0
924db973-f452-4b03-a639-43cb9038bd34,Shopaholic: Part 1,MISSIONS,MISSIONS/BASIC/B001 - COUNCIL OF THETA/M0003_SHOPAHOLIC/mission_basic_b001_0003_0020,0
0a5f8010-8dfb-4c99-9648-406958aeb6ae,Shopaholic: Part 2,MISSIONS,MISSIONS/BASIC/B001 - COUNCIL OF THETA/M0003_SHOPAHOLIC/mission_basic_b001_0003_0040,0
bd0a6caf-049a-4330-bdcf-afa273ce4bb7,mission tutor b000 0001 0000,_OBSOLETE,_OBSOLETE/mission_tutor_b000_0001_0000,0
ad88be65-a343-431f-9388-e67859537523,The Grand Reboot,MISSIONS,MISSIONS/BASIC/B003 - COUNCIL OF THETA/M0001_THE GRAND REBOOT/mission_basic_b003_0001_0000,0
ba329553-482e-417e-8dcc-0345118d7ae4,Oh! I thought it didn't work! Nice! My job here is done. Goodbye! For now...,_OBSOLETE,_OBSOLETE/mission_basic_b000_0002_0000,0
dc4c8ebd-e5f9-4736-b310-8a9959926f11,ABCs: Unboxing,MISSIONS,MISSIONS/BASIC/B001 - COUNCIL OF THETA/M0001_ABCS/mission_basic_b002_0001_0000,0
4851914f-1fb8-4c46-a9cd-339c61897c63,ABCs: Quid pro Quo,MISSIONS,MISSIONS/BASIC/B001 - COUNCIL OF THETA/M0001_ABCS/mission_basic_b002_0001_0020,0
48566e4b-8dac-43ff-82f1-86065ef4c143,"Yeah, definitely not a five-star hotel. Well, we all have to start somewhere…",_OBSOLETE,_OBSOLETE/mission_basic_b000_0003_0000,1
90c00d22-22ea-49b6-b4ba-3605ce8d7398,ABCs: Target Practice,MISSIONS,MISSIONS/BASIC/B001 - COUNCIL OF THETA/M0001_ABCS/mission_basic_b002_0001_0040,0
15cab819-3995-464e-8802-292d5249451e,ABCs: Head Check,MISSIONS,MISSIONS/BASIC/B001 - COUNCIL OF THETA/M0001_ABCS/mission_basic_b002_0001_0060,0
1d4bcf10-cb88-4280-b749-b70eb0409bcf,ABCs: Hidden Gems,MISSIONS,MISSIONS/BASIC/B001 - COUNCIL OF THETA/M0001_ABCS/mission_basic_b002_0002_0020,0
955ea658-5286-495f-9c46-d82757677eab,Mousetrap: Part 1,MISSIONS,MISSIONS/EVER/B001/M001 - MOUSETRAP/mission_ever_b001_0001_0000,0
f51bf657-baa1-4956-9e76-c94fb0fa295a,Mousetrap: Part 2,MISSIONS,MISSIONS/EVER/B001/M001 - MOUSETRAP/mission_ever_b001_0001_0020,0
f68451f5-6981-4b62-937c-e37110212d78,Mousetrap: Part 3,MISSIONS,MISSIONS/EVER/B001/M001 - MOUSETRAP/mission_ever_b001_0001_0040,0
9f15b99c-b2a4-4bc0-a2b9-0e4408544b03,Mousetrap: Part 4,MISSIONS,MISSIONS/EVER/B001/M001 - MOUSETRAP/mission_ever_b001_0001_0060,0
cfcd6054-f236-48fd-bd87-bb1b6b78a74b,ABCs: Better Safe Than Sorry,_OBSOLETE,_OBSOLETE/mission_basic_b001_0001_0021,0
5c6fdcd9-4266-456f-8340-6e48d359e8fb,Nice job! Collect your reward from the Missions menu!,_OBSOLETE,_OBSOLETE/mission_basic_b000_0001_0021,1
1383ca38-7e97-403f-8131-4f8e868951b1,Follow the instructions.,_OBSOLETE,_OBSOLETE/mission_tutor_b000_0003_0000,1
e6147237-c96a-4c93-8bcf-e5ae61e69b74,Here you can trade with other players and Traders.,_OBSOLETE,_OBSOLETE/mission_tutor_b000_0004_0000,0
eebc2fc3-03fd-402c-8598-2c913202f309,Talking Head: Part 1,MISSIONS,MISSIONS/EVER/B002/M0001 - TALKING HEAD/mission_ever_b002_0001_0000,0
a1b0fe67-3434-469c-81db-360d977a20b5,Talking Head: Part 2,MISSIONS,MISSIONS/EVER/B002/M0001 - TALKING HEAD/mission_ever_b002_0001_0020,0
d9580035-b861-42e7-852b-b754a2a6aa30,Talking Head: Part 3,MISSIONS,MISSIONS/EVER/B002/M0001 - TALKING HEAD/mission_ever_b002_0001_0040,0
7760333a-2e83-4dab-92b4-3e7cebc504c9,Talking Head: Part 4,MISSIONS,MISSIONS/EVER/B002/M0001 - TALKING HEAD/mission_ever_b002_0001_0060,0
b56c2208-9ed6-475a-8b95-ea1980652069,Talking Head: Part 5,MISSIONS,MISSIONS/EVER/B002/M0001 - TALKING HEAD/mission_ever_b002_0001_0080,0
f60e0e94-1fbd-4595-a798-6ae28746d237,Shooting Exercise,DAILY,DAILY/ELIM/B001/daily_elim_b001_0001_0000,0
97e4080d-7336-47b0-982d-859344392cb7,Shooting Exercise,DAILY,DAILY/ELIM/B002/daily_elim_b002_0001_0000,0
395b7646-f958-4a8b-a98e-8fbe1ebbb1cf,Shooting Exercise,DAILY,DAILY/ELIM/B003/daily_elim_b003_0001_0000,0
3dadb217-f6b3-42f0-aea3-4ec0e90ede21,Shooting Exercise,DAILY,DAILY/ELIM/B004/daily_elim_b004_0001_0000,0
569658ec-b096-44ad-8eca-f1de673eed32,Shooting Exercise,DAILY,DAILY/ELIM/B001/daily_elim_b001_0002_0000,0
61087f0f-ed93-47db-9a97-3269d487205a,Shooting Exercise,DAILY,DAILY/ELIM/B002/daily_elim_b002_0002_0000,0
81cffee6-abdc-4b6c-a062-59d8ff02ce98,Shooting Exercise,DAILY,DAILY/ELIM/B003/daily_elim_b003_0002_0000,0
300ab956-b180-48f0-8764-ed663a0e8f1a,Shooting Exercise,DAILY,DAILY/ELIM/B004/daily_elim_b004_0002_0000,0
50a639e7-373f-42c7-8061-43814af3bc8d,Shooting Exercise,DAILY,DAILY/ELIM/B002/daily_elim_b002_0003_0000,0
97391715-c766-474b-897b-cf68cf9568d4,Shooting Exercise,DAILY,DAILY/ELIM/B003/daily_elim_b003_0003_0000,0
b37f8d0b-154c-4e7d-931c-4bb1efd815f4,Shooting Exercise,DAILY,DAILY/ELIM/B004/daily_elim_b004_0003_0000,0
946ede72-77ea-4957-8cab-6380979bdda8,Shooting Exercise,DAILY,DAILY/ELIM/B002/daily_elim_b002_0004_0000,0
9d3022b2-a294-4f1c-80bc-bfe0f80434ee,Shooting Exercise,DAILY,DAILY/ELIM/B003/daily_elim_b003_0004_0000,0
25587934-e97b-4f8a-9316-4f12c22ed947,Shooting Exercise,DAILY,DAILY/ELIM/B004/daily_elim_b004_0004_0000,0
0d84ce8e-e308-45ad-9d5c-4584887d216e,Shooting Exercise,DAILY,DAILY/ELIM/B002/daily_elim_b002_0005_0000,0
86e6d9da-08eb-4743-b066-555e61055bf0,Shooting Exercise,DAILY,DAILY/ELIM/B003/daily_elim_b003_0005_0000,0
1c6c08cf-542c-4710-a80e-6d4d336f101b,Shooting Exercise,DAILY,DAILY/ELIM/B004/daily_elim_b004_0005_0000,0
d0763424-c5a5-42be-a23c-e4e0a38bc62f,Shooting Exercise,DAILY,DAILY/ELIM/B003/daily_elim_b003_0006_0000,0
45eaf5d5-2b2a-4b70-b2c7-717d6c6d1faf,Shooting Exercise,DAILY,DAILY/ELIM/B004/daily_elim_b004_0006_0000,0
02d5639b-fb92-4d2e-98e0-2943e14c84d5,Shooting Exercise,DAILY,DAILY/ELIM/B003/daily_elim_b003_0007_0000,0
e27ab94d-0ec6-4a95-a6cd-31dbd27d0123,Shooting Exercise,DAILY,DAILY/ELIM/B004/daily_elim_b004_0007_0000,0
e2b38799-3f74-40b9-855e-76095d846407,Shooting Exercise,DAILY,DAILY/ELIM/B002/daily_elim_b002_0008_0000,0
e9f44fa9-16dc-422c-af18-20f65729430f,Shooting Exercise,DAILY,DAILY/ELIM/B003/daily_elim_b003_0008_0000,0
fb161ce6-7a69-4e48-99f6-51672f3920a1,Shooting Exercise,DAILY,DAILY/ELIM/B004/daily_elim_b004_0008_0000,0
dd6306f6-3469-42bf-b933-f870ce150126,Grinding Time,DAILY,DAILY/CUT/B001/daily_cut_b001_0001_0000,0
07977ea4-d121-458a-ab66-1b89e9a10be2,Grinding Time,DAILY,DAILY/CUT/B002/daily_cut_b002_0001_0000,0
9131e650-0941-405c-955f-716710da9b06,Grinding Time,DAILY,DAILY/CUT/B003/daily_cut_b003_0001_0000,0
e03bfc11-4514-4c26-9dc4-81290e332403,Grinding Time,DAILY,DAILY/CUT/B004/daily_cut_b004_0002_0000,0
8a28f359-d2fb-4b62-960c-9ed480b9d73c,Grinding Time,DAILY,DAILY/CUT/B004/daily_cut_b004_0003_0000,0
9af97d50-d417-4cf7-9227-aee040d7928b,Supplies Needed,DAILY,DAILY/DELIV/B001/daily_deliv_b001_0001_0000,0
3377c3d9-5185-434a-9ae8-90ee824ae2db,Supplies Needed,DAILY,DAILY/DELIV/B002/daily_deliv_b002_0001_0000,0
c44d2ebd-4be1-415f-ba23-da5c0a3c7044,Supplies Needed,DAILY,DAILY/DELIV/B003/daily_deliv_b003_0001_0000,0
0ae333f2-8506-4efc-9000-8dbd2f2f3e7f,Supplies Needed,DAILY,DAILY/DELIV/B004/daily_deliv_b004_0001_0000,0
0d2528e1-cd5b-487b-97dc-ee381a8d3558,Supplies Needed,DAILY,DAILY/DELIV/B003/daily_deliv_b003_0002_0000,0
0598a2e0-8580-4944-94ac-6bb3aa4d38ef,Supplies Needed,DAILY,DAILY/DELIV/B004/daily_deliv_b004_0002_0000,0
a8faf4c1-0f3d-43cd-9fd0-633455c8aaf2,Survival of the FITtest,DAILY,DAILY/EXTR/B002/daily_extr_b002_0001_0000,0
d2fb25f6-fbf1-487d-b706-6088d4e11286,Survival of the FITtest,DAILY,DAILY/EXTR/B003/daily_extr_b003_0001_0000,0
e7ead8a1-a354-4a7e-826e-f68a51232814,Survival of the FITtest,DAILY,DAILY/EXTR/B004/daily_extr_b004_0001_0000,0
a2860759-7114-4445-b918-f06191c08640,Survival of the FITtest,DAILY,DAILY/EXTR/B002/daily_extr_b002_0003_0000,0
c803a1e4-0ffc-4fe1-97e3-59e1e7c0f933,Survival of the FITtest,DAILY,DAILY/EXTR/B002/daily_extr_b002_0004_0000,0
98dd71bf-1358-4c9b-92c1-9a7ffa474a13,Survival of the FITtest,DAILY,DAILY/EXTR/B001/daily_extr_b001_0002_0000,0
e94c9bb9-62aa-44b3-ad61-916c4902a6cc,Survival of the FITtest,DAILY,DAILY/EXTR/B002/daily_extr_b002_0002_0000,0
76daafed-25f0-4fb2-a387-898a996963b7,Survival of the FITtest,DAILY,DAILY/EXTR/B001/daily_extr_b001_0005_0000,0
f6a73188-61c9-4f07-bb18-7cb77c1ded82,Survival of the FITtest,DAILY,DAILY/EXTR/B002/daily_extr_b002_0005_0000,0
fa6a0c28-7289-4288-b418-0aed254db08f,Survival of the FITtest,DAILY,DAILY/EXTR/B001/daily_extr_b001_0006_0000,0
b37491a1-c268-45de-bba3-d6d08442512b,Survival of the FITtest,DAILY,DAILY/EXTR/B002/daily_extr_b002_0006_0000,0
cd420004-1fa2-4d98-abf7-2b66523ba5e0,Put These Hands to Good Use,DAILY,DAILY/INT/B001/daily_int_b001_0001_0000,0
cc4ea6f0-ec6d-41f6-ab89-2e511a35af6b,Put These Hands to Good Use,DAILY,DAILY/INT/B002/daily_int_b002_0001_0000,0
1fcb7778-8f76-4aff-b096-3f73b87b2e8d,Put These Hands to Good Use,DAILY,DAILY/INT/B003/daily_int_b003_0001_0000,0
f8a573ae-7a40-40db-9e2f-86ca00ff016a,Rich Peach,DAILY,DAILY/EARN/B001/daily_earn_b001_0001_0000,0
e8269c48-6dc4-46fb-903b-daf071840c51,Rich Peach,DAILY,DAILY/EARN/B002/daily_earn_b002_0001_0000,0
aa39d385-51d8-41bf-a7c8-7911a6e28782,Rich Peach,DAILY,DAILY/EARN/B003/daily_earn_b003_0001_0000,0
e50c5a00-16ca-4503-bd2a-da5a3d7db548,Rich Peach,DAILY,DAILY/EARN/B004/daily_earn_b004_0001_0000,0
13d76054-9bdb-417d-9f6e-62c90fa36606,Put These Hands to Good Use,DAILY,DAILY/INT/B001/daily_int_b001_0002_0000,0
2c39837c-603b-4272-aced-86cb543879cb,Put These Hands to Good Use,DAILY,DAILY/INT/B002/daily_int_b002_0002_0000,0
36831f95-411a-48da-8f04-f7f0be4853a0,Put These Hands to Good Use,DAILY,DAILY/INT/B003/daily_int_b003_0002_0000,0
da10882f-6f7a-4c23-9b41-8e75353398d0,Put These Hands to Good Use,DAILY,DAILY/INT/B004/daily_int_b004_0002_0000,0
d83d404e-ea56-47b2-855b-d428ed64d4b0,Put These Hands to Good Use,DAILY,DAILY/INT/B001/daily_int_b001_0003_0000,0
c76d4690-1236-41ab-9df9-1588d7b755e4,Put These Hands to Good Use,DAILY,DAILY/INT/B002/daily_int_b002_0003_0000,0
6d90ce4f-037c-4947-941b-648c5df741eb,Put These Hands to Good Use,DAILY,DAILY/INT/B003/daily_int_b003_0003_0000,0
7d14f4b4-b6e7-448a-9d49-5924cdec1890,Put These Hands to Good Use,DAILY,DAILY/INT/B004/daily_int_b004_0003_0000,0
a9526245-0b4b-46e1-a592-e4f7357ae5be,Put These Hands to Good Use,DAILY,DAILY/INT/B001/daily_int_b001_0004_0000,0
ad08c943-1c87-4150-a2e6-7df5643b07ce,Put These Hands to Good Use,DAILY,DAILY/INT/B002/daily_int_b002_0004_0000,0
4d977e7c-4a6a-4169-b7b3-bfc06e9ae596,Put These Hands to Good Use,DAILY,DAILY/INT/B003/daily_int_b003_0004_0000,0
b2b3887e-e8b8-48fe-81bf-b239330b7d7c,Put These Hands to Good Use,DAILY,DAILY/INT/B001/daily_int_b001_0005_0000,0
ac8ddedf-82c1-4dfc-ba94-7dd97a67b7a1,Put These Hands to Good Use,DAILY,DAILY/INT/B002/daily_int_b002_0005_0000,0
b6c4bd07-973c-4f36-bdff-a19c3ae86374,Put These Hands to Good Use,DAILY,DAILY/INT/B003/daily_int_b003_0005_0000,0
27b85f30-700f-4fe7-8114-a8f44744287c,Hey!,MISSIONS,MISSIONS/EVER/B000/M0002 - DIRTY BUSINESS/mission_ever_b000_0002_0000,0
b9338918-63df-491a-917d-0a2fd0527638,Dirty Business: Part 1,MISSIONS,MISSIONS/EVER/B002/M0002 - DIRTY BUSINESS/mission_ever_b002_0002_0000,0
63a74a6a-2251-44ad-bfa8-e277ecab20ba,Dirty Business: Part 2,MISSIONS,MISSIONS/EVER/B002/M0002 - DIRTY BUSINESS/mission_ever_b002_0002_0020,0
1b8ee798-45f1-4e06-9b91-91a3c6c51f34,Dirty Business: Part 3,MISSIONS,MISSIONS/EVER/B002/M0002 - DIRTY BUSINESS/mission_ever_b002_0002_0040,0
2bf5f986-2228-41de-8b94-3778b7e3cfe8,Shadows of Port: Part 1,MISSIONS,MISSIONS/EVER/B003/M0001 - SHADOWS OF PORT/mission_ever_b003_0001_0000,0
44b84a1d-a39d-4418-8281-563541d0b732,Shadows of Port: Part 2,MISSIONS,MISSIONS/EVER/B003/M0001 - SHADOWS OF PORT/mission_ever_b003_0001_0020,0
8e774b7a-81df-4cc5-8790-a03c266b9e17,Shadows of Port: Part 3,MISSIONS,MISSIONS/EVER/B003/M0001 - SHADOWS OF PORT/mission_ever_b003_0001_0040,0
1774c157-8cfd-4906-bfa2-6917da1ae477,Shadows of Port: Part 4,MISSIONS,MISSIONS/EVER/B003/M0001 - SHADOWS OF PORT/mission_ever_b003_0001_0060,0
9a8b9a8a-0e11-48fd-924e-65fa4a1bf9e6,Aim at: Glowing cube,_OBSOLETE,_OBSOLETE/Backup_Tutorial,1
e9066830-f3bf-47b1-a145-cb244cf2220e,ABCs: Restore Connection,MISSIONS,MISSIONS/BASIC/B001 - COUNCIL OF THETA/M0001_ABCS/mission_basic_b001_0001_0000,0
bc757456-2d48-41cd-bdd4-4b7dcabbce97,Home Sweet Home: Ammo Workbench v.1,MISSIONS,MISSIONS/BASIC/B001 - COUNCIL OF THETA/M0005_HOME_SWEET_HOME/AMMO CRAFTER/mission_basic_b001_0005_0060,0
17279bcf-7d6c-4169-b097-c4064c85818a,Home Sweet Home: Aid crafting table v.1,MISSIONS,MISSIONS/BASIC/B001 - COUNCIL OF THETA/M0005_HOME_SWEET_HOME/AID CRAFTER/mission_basic_b001_0005_0080,0
3f23248f-9b0e-4536-8a95-c6edf7bc7809,Home Sweet Home: Weapon Workbench v.1,MISSIONS,MISSIONS/BASIC/B001 - COUNCIL OF THETA/M0005_HOME_SWEET_HOME/WEAPON TUNER/mission_basic_b001_0005_0100,0
ecb1d4b3-70b4-4219-872f-549c2fc0dc77,Home Sweet Home: Power Generator v.1,MISSIONS,MISSIONS/BASIC/B001 - COUNCIL OF THETA/M0005_HOME_SWEET_HOME/POWER GENERATOR/mission_basic_b001_0005_0120,0
1d496222-efef-440e-bda6-520c1351ff6c,Home Sweet Home: Items Crafter v.1,MISSIONS,MISSIONS/BASIC/B001 - COUNCIL OF THETA/M0005_HOME_SWEET_HOME/ITEMS CRAFTER/mission_basic_b001_0005_0140,0
cfb1690e-68c8-4ccb-a4fe-0ae415a75929,Home Sweet Home: Laboratory v.1,MISSIONS,MISSIONS/BASIC/B001 - COUNCIL OF THETA/M0005_HOME_SWEET_HOME/LABORATORY/mission_basic_b001_0005_0160,0
c831b7c0-059a-42f5-bd51-46fbc73380d0,Home Sweet Home: 3D Printer v.1,MISSIONS,MISSIONS/BASIC/B001 - COUNCIL OF THETA/M0005_HOME_SWEET_HOME/3D PRINTER/mission_basic_b001_0005_0180,0
ad4a843c-4600-49e4-b76a-f2eea0f396a6,Home Sweet Home: Solar Array v.1,MISSIONS,MISSIONS/BASIC/B001 - COUNCIL OF THETA/M0005_HOME_SWEET_HOME/SOLAR ARRAY/mission_basic_b001_0005_0200,0
254a8d0a-1e91-4e47-859c-1df3185949f8,Home Sweet Home: Body Tuner v.2,MISSIONS,MISSIONS/BASIC/B001 - COUNCIL OF THETA/M0005_HOME_SWEET_HOME/BODY TUNER/mission_basic_b001_0005_0221,0
ba8d5287-8e96-4e36-a96a-e52ca2876cdf,Home Sweet Home: Body Tuner v.3,MISSIONS,MISSIONS/BASIC/B001 - COUNCIL OF THETA/M0005_HOME_SWEET_HOME/BODY TUNER/mission_basic_b001_0005_0222,0
d60be18d-0318-4939-9070-d9eb8ed401e6,Home Sweet Home: Body Crafter v.2,MISSIONS,MISSIONS/BASIC/B001 - COUNCIL OF THETA/M0005_HOME_SWEET_HOME/BODYCRAFTER/mission_basic_b001_0005_0001,0
8876df08-cbb0-444e-b320-226f1d81e256,Home Sweet Home: Body Crafter v.3,MISSIONS,MISSIONS/BASIC/B001 - COUNCIL OF THETA/M0005_HOME_SWEET_HOME/BODYCRAFTER/mission_basic_b001_0005_0002,0
972018cf-f617-43f5-b7f6-443902e91ad8,Home Sweet Home: Recycler v.2,MISSIONS,MISSIONS/BASIC/B001 - COUNCIL OF THETA/M0005_HOME_SWEET_HOME/RECYCLER/mission_basic_b001_0005_0041,0
e63c287f-f520-40cc-878b-ecbbeed87e17,Home Sweet Home: Recycler v.3,MISSIONS,MISSIONS/BASIC/B001 - COUNCIL OF THETA/M0005_HOME_SWEET_HOME/RECYCLER/mission_basic_b001_0005_0042,0
3e98ebca-ec17-45ac-bd9c-cd3bfbc2a7e7,Home Sweet Home: Armor and textile workbench v.2,MISSIONS,MISSIONS/BASIC/B001 - COUNCIL OF THETA/M0005_HOME_SWEET_HOME/ARMOR CRAFTER/mission_basic_b001_0005_0021,0
d766954e-f197-4d62-b091-d1dab2e5e933,Home Sweet Home: Armor and textile workbench v.3,MISSIONS,MISSIONS/BASIC/B001 - COUNCIL OF THETA/M0005_HOME_SWEET_HOME/ARMOR CRAFTER/mission_basic_b001_0005_0022,0
9fe665d6-34e0-4a94-8938-9771c65cf73b,Home Sweet Home: Armor and textile workbench v.4,MISSIONS,MISSIONS/BASIC/B001 - COUNCIL OF THETA/M0005_HOME_SWEET_HOME/ARMOR CRAFTER/mission_basic_b001_0005_0023,0
2b1edfe7-45fb-4012-8ac4-fa79cdec445e,Home Sweet Home: Armor and textile workbench v.5,MISSIONS,MISSIONS/BASIC/B001 - COUNCIL OF THETA/M0005_HOME_SWEET_HOME/ARMOR CRAFTER/mission_basic_b001_0005_0024,0
df10bca0-311b-4aec-a857-672e29d9bdc4,Home Sweet Home: Ammo Workbench v.2,MISSIONS,MISSIONS/BASIC/B001 - COUNCIL OF THETA/M0005_HOME_SWEET_HOME/AMMO CRAFTER/mission_basic_b001_0005_0061,0
513e058b-735b-4f99-b136-72d412f06431,Home Sweet Home: Ammo Workbench v.3,MISSIONS,MISSIONS/BASIC/B001 - COUNCIL OF THETA/M0005_HOME_SWEET_HOME/AMMO CRAFTER/mission_basic_b001_0005_0062,0
04e1170e-0055-4748-955d-4c4dd9d366fd,Home Sweet Home: Ammo Workbench v.4,MISSIONS,MISSIONS/BASIC/B001 - COUNCIL OF THETA/M0005_HOME_SWEET_HOME/AMMO CRAFTER/mission_basic_b001_0005_0063,0
b967bee7-5b54-4745-a8d0-123b25179cbb,Home Sweet Home: Ammo Workbench v.5,MISSIONS,MISSIONS/BASIC/B001 - COUNCIL OF THETA/M0005_HOME_SWEET_HOME/AMMO CRAFTER/mission_basic_b001_0005_0064,0
53c349f8-f11c-40d4-ab4a-e0d798c30699,Home Sweet Home: Aid crafting table v.2,MISSIONS,MISSIONS/BASIC/B001 - COUNCIL OF THETA/M0005_HOME_SWEET_HOME/AID CRAFTER/mission_basic_b001_0005_0081,0
b6fab830-3bcd-4f89-a49b-9eb2ef59678e,Home Sweet Home: Aid crafting table v.3,MISSIONS,MISSIONS/BASIC/B001 - COUNCIL OF THETA/M0005_HOME_SWEET_HOME/AID CRAFTER/mission_basic_b001_0005_0082,0
982359de-d4de-4a9e-b47d-bc064df14ac4,Home Sweet Home: Aid crafting table v.4,MISSIONS,MISSIONS/BASIC/B001 - COUNCIL OF THETA/M0005_HOME_SWEET_HOME/AID CRAFTER/mission_basic_b001_0005_0083,0
a1a3e1c6-cdb0-41ac-87c2-63ededfd952d,Home Sweet Home: Aid crafting table v.5,MISSIONS,MISSIONS/BASIC/B001 - COUNCIL OF THETA/M0005_HOME_SWEET_HOME/AID CRAFTER/mission_basic_b001_0005_0084,0
f10dad1f-5410-45be-b0d8-ae435a7b6455,Home Sweet Home: Power Generator v.2,MISSIONS,MISSIONS/BASIC/B001 - COUNCIL OF THETA/M0005_HOME_SWEET_HOME/POWER GENERATOR/mission_basic_b001_0005_0121,0
ee4d1b6b-b7bd-420a-816c-eb81ea9d9f21,Home Sweet Home: Power Generator v.3,MISSIONS,MISSIONS/BASIC/B001 - COUNCIL OF THETA/M0005_HOME_SWEET_HOME/POWER GENERATOR/mission_basic_b001_0005_0122,0
480d1b31-34d3-4120-8d0b-6286d5a7a4e9,Home Sweet Home: Items Crafter v.2,MISSIONS,MISSIONS/BASIC/B001 - COUNCIL OF THETA/M0005_HOME_SWEET_HOME/ITEMS CRAFTER/mission_basic_b001_0005_0141,0
30c15485-9778-4117-85e4-985245c52ca1,Home Sweet Home: Items Crafter v.3,MISSIONS,MISSIONS/BASIC/B001 - COUNCIL OF THETA/M0005_HOME_SWEET_HOME/ITEMS CRAFTER/mission_basic_b001_0005_0142,0
7f077088-4d65-4a3d-b8a6-1eb207589b26,Home Sweet Home: Laboratory v.2,MISSIONS,MISSIONS/BASIC/B001 - COUNCIL OF THETA/M0005_HOME_SWEET_HOME/LABORATORY/mission_basic_b001_0005_0161,0
1786de07-af1d-43f3-975b-b402e32b2902,Home Sweet Home: Laboratory v.3,MISSIONS,MISSIONS/BASIC/B001 - COUNCIL OF THETA/M0005_HOME_SWEET_HOME/LABORATORY/mission_basic_b001_0005_0162,0
6403b69d-70dd-40ff-b65a-8a7c9e5a46a9,Home Sweet Home: 3D Printer v.2,MISSIONS,MISSIONS/BASIC/B001 - COUNCIL OF THETA/M0005_HOME_SWEET_HOME/3D PRINTER/mission_basic_b001_0005_0181,0
4b063684-d80f-4126-a612-6b347956ab46,Home Sweet Home: 3D Printer v.3,MISSIONS,MISSIONS/BASIC/B001 - COUNCIL OF THETA/M0005_HOME_SWEET_HOME/3D PRINTER/mission_basic_b001_0005_0182,0
a9dd1764-9f1e-402a-9c47-a1e4e144743b,Home Sweet Home: Solar Array v.2,MISSIONS,MISSIONS/BASIC/B001 - COUNCIL OF THETA/M0005_HOME_SWEET_HOME/SOLAR ARRAY/mission_basic_b001_0005_0201,0
6e8a4e2c-86d0-4434-84a6-09cb02818d4e,Home Sweet Home: Solar Array v.3,MISSIONS,MISSIONS/BASIC/B001 - COUNCIL OF THETA/M0005_HOME_SWEET_HOME/SOLAR ARRAY/mission_basic_b001_0005_0202,0
5c8cb0d7-d309-4dcd-b0ca-fa527a39671d,The Art of Craft,MISSIONS,MISSIONS/BASIC/B001 - COUNCIL OF THETA/M0008_THE ART OF CRAFT/mission_basic_b001_0008_0000,0
3c055d64-7fbb-4929-81f7-694642e8de8c,DISABLED mission ever b000 0003 0000,MISSIONS,MISSIONS/EVER/B000/M0003 - STEAM - KEY MISSIONS ON NOTE PICKUP UNLOCK/DISABLED_mission_ever_b000_0003_0000,0
f2592e2a-47c2-448d-9851-3de1e3358cc5,mission ever b000 0003 0020,MISSIONS,MISSIONS/EVER/B000/M0003 - STEAM - ITEM MISSIONS ON NOTE PICKUP UNLOCK/mission_ever_b000_0003_0020,0
26846ac3-6317-414a-9dd4-df9f9026e1a9,mission ever b000 0003 0040,MISSIONS,MISSIONS/EVER/B000/M0003 - STEAM - ITEM MISSIONS ON NOTE PICKUP UNLOCK/mission_ever_b000_0003_0040,0
d03ce5ed-bc51-4f5e-8c2f-f9847687c1a8,mission ever b000 0003 0060,MISSIONS,MISSIONS/EVER/B000/M0003 - STEAM - ITEM MISSIONS ON NOTE PICKUP UNLOCK/mission_ever_b000_0003_0060,0
b0d2cc34-c477-487c-a4f1-354791aee0ea,mission ever b000 0003 0080,MISSIONS,MISSIONS/EVER/B000/M0003 - STEAM - ITEM MISSIONS ON NOTE PICKUP UNLOCK/mission_ever_b000_0003_0080,0
5de0c7f9-970d-4c07-80a5-ee517d892c7b,mission ever b000 0003 0100,MISSIONS,MISSIONS/EVER/B000/M0003 - STEAM - ITEM MISSIONS ON NOTE PICKUP UNLOCK/mission_ever_b000_0003_0100,0
11acbae8-964d-4d73-9db3-bb0bf095c88b,mission ever b000 0003 0120,MISSIONS,MISSIONS/EVER/B000/M0003 - STEAM - ITEM MISSIONS ON NOTE PICKUP UNLOCK/mission_ever_b000_0003_0120,0
beb61efd-ea47-4992-b6d3-d360858a86b8,Fax Forwarding,MISSIONS,MISSIONS/EVER/B006/M0001 - STEAM - KEY HUNT MISSIONS/DISABLED_mission_ever_b006_0001_0000,0
d23578e3-5a51-4726-9b55-36ebd7847fa6,Diary of a toymaker. Page 1.,MISSIONS,MISSIONS/EVER/B006/M0001 - STEAM - ITEM HUNT MISSIONS/mission_ever_b006_0001_0020,0
9f241f3c-efe6-42e1-a8a9-cab0399c8276,Diary of a toymaker. Page 2.,MISSIONS,MISSIONS/EVER/B006/M0001 - STEAM - ITEM HUNT MISSIONS/mission_ever_b006_0001_0040,0
8883389a-47bd-4dff-98b9-93e3ea602961,Diary of a toymaker. Page 3.,MISSIONS,MISSIONS/EVER/B006/M0001 - STEAM - ITEM HUNT MISSIONS/mission_ever_b006_0001_0060,0
800211c9-1264-4da7-978c-b9b87cd7e86c,Diary of a toymaker. Page 4.,MISSIONS,MISSIONS/EVER/B006/M0001 - STEAM - ITEM HUNT MISSIONS/mission_ever_b006_0001_0080,0
3797b64b-3e63-42a2-84c6-8e9f9e743495,Diary of a toymaker. Page 5.,MISSIONS,MISSIONS/EVER/B006/M0001 - STEAM - ITEM HUNT MISSIONS/mission_ever_b006_0001_0100,0
b4ba612f-e4d8-45b0-89f3-bc3bcf4ba6f9,No Light,____STEAM DEMO,____STEAM DEMO/mission_demo_b001_0001_0000,0
096e32ec-18f1-4ece-aff2-dc380e218bfb,No Light,_OBSOLETE,_OBSOLETE/backup_mission_demo_b001_0001_0000,0
cee9db1d-7659-48b1-a034-b6f952ce4377,Reach the supply crates,_OBSOLETE,_OBSOLETE/Backup_2_Tutorial,1
2c06f031-a1f7-4ae6-b5c0-0bbb3c88d5d2,You need larger shelter to upgrade this module.,MISSIONS,MISSIONS/WAY_TO_TRUCK_STOP/shadow_mission_move_to_new_shelter_0000,0
09490ce3-972a-4f15-96cc-02dd2ae96db2,"TAKE ME HOME, COUNTLESS ROADS",MISSIONS,MISSIONS/WAY_TO_TRUCK_STOP/mission_fix_the_truck_0000,0
f3c0496d-1c7b-4662-b46d-d968c740c74a,Coming soon,BUILDING_CONDITION,BUILDING_CONDITION/mission_coming_soon,0
0f988205-f22a-4dd4-8a56-9652b9c89cb5,Your efforts have been noticed. Please accept this modest gift as a token of our deepest appreciation.,PLAYER_REWARDS,PLAYER_REWARDS/reward_01,0
848f94e6-74a6-446c-939b-4b45192c80a0,"Come on, you can’t live in that container forever. Maybe fix the truck and get yourself somewhere way more decent to stay. Your truck is OUTSIDE, remember that. Here’s a list of parts needed for the repair.",MISSIONS,MISSIONS/PEDLAR_UNLOCK/shadow_mission_first_meet_with_pedlar_0000,0
03b084aa-8dc6-4b4c-9d96-689e602359a8,Loot must flow,MISSIONS,MISSIONS/PEDLAR_UNLOCK/mission_private_investigator_0000,0
adca5600-7169-448a-bd43-f399d10efce8,Nice place you’ve got here. I might stay awhile. Oh - and I’ve got some goods for sale. Have a look.,MISSIONS,MISSIONS/PEDLAR_UNLOCK/shadow_mission_private_investigator_0010,1
af4712c5-2875-404b-87e2-892817903cb6,"You know, the new Frontier needs new cowboys. Keep it for yourself.",MISSIONS,MISSIONS/EVER/B002/M0002 - DIRTY BUSINESS/shadow_mission_ever_b002_0002_0050,1
f1dfd44e-b351-4992-982c-51e97d50d1c1,No worries! That's not a conventional death.,TUTORIAL AND GUIDE MESSAGES,TUTORIAL AND GUIDE MESSAGES/mission_after_death_0001,1
